movieId,title,genres
1m,Toy Story (1995),Adventure|Animation|Children|Comedy|Fantasy
2m,Jumanji (1995),Adventure|Children|Fantasy
3m,Grumpier Old Men (1995),Comedy|Romance
4m,Waiting to Exhale (1995),Comedy|Drama|Romance
5m,Father of the Bride Part II (1995),Comedy
6m,Heat (1995),Action|Crime|Thriller
7m,Sabrina (1995),Comedy|Romance
8m,Tom and Huck (1995),Adventure|Children
9m,Sudden Death (1995),Action
10m,GoldenEye (1995),Action|Adventure|Thriller
11m,"American President, The (1995)",Comedy|Drama|Romance
12m,Dracula: Dead and Loving It (1995),Comedy|Horror
13m,Balto (1995),Adventure|Animation|Children
14m,Nixon (1995),Drama
15m,Cutthroat Island (1995),Action|Adventure|Romance
16m,Casino (1995),Crime|Drama
17m,Sense and Sensibility (1995),Drama|Romance
18m,Four Rooms (1995),Comedy
19m,Ace Ventura: When Nature Calls (1995),Comedy
20m,Money Train (1995),Action|Comedy|Crime|Drama|Thriller
21m,Get Shorty (1995),Comedy|Crime|Thriller
22m,Copycat (1995),Crime|Drama|Horror|Mystery|Thriller
23m,Assassins (1995),Action|Crime|Thriller
24m,Powder (1995),Drama|Sci-Fi
25m,Leaving Las Vegas (1995),Drama|Romance
26m,Othello (1995),Drama
27m,Now and Then (1995),Children|Drama
28m,Persuasion (1995),Drama|Romance
29m,"City of Lost Children, The (Cité des enfants perdus, La) (1995)",Adventure|Drama|Fantasy|Mystery|Sci-Fi
30m,Shanghai Triad (Yao a yao yao dao waipo qiao) (1995),Crime|Drama
31m,Dangerous Minds (1995),Drama
32m,Twelve Monkeys (a.k.a. 12 Monkeys) (1995),Mystery|Sci-Fi|Thriller
34m,Babe (1995),Children|Drama
36m,Dead Man Walking (1995),Crime|Drama
38m,It Takes Two (1995),Children|Comedy
39m,Clueless (1995),Comedy|Romance
40m,"Cry, the Beloved Country (1995)",Drama
41m,Richard III (1995),Drama|War
42m,Dead Presidents (1995),Action|Crime|Drama
43m,Restoration (1995),Drama
44m,Mortal Kombat (1995),Action|Adventure|Fantasy
45m,To Die For (1995),Comedy|Drama|Thriller
46m,How to Make an American Quilt (1995),Drama|Romance
47m,Seven (a.k.a. Se7en) (1995),Mystery|Thriller
48m,Pocahontas (1995),Animation|Children|Drama|Musical|Romance
49m,When Night Is Falling (1995),Drama|Romance
50m,"Usual Suspects, The (1995)",Crime|Mystery|Thriller
52m,Mighty Aphrodite (1995),Comedy|Drama|Romance
53m,Lamerica (1994),Adventure|Drama
54m,"Big Green, The (1995)",Children|Comedy
55m,Georgia (1995),Drama
57m,Home for the Holidays (1995),Drama
58m,"Postman, The (Postino, Il) (1994)",Comedy|Drama|Romance
60m,"Indian in the Cupboard, The (1995)",Adventure|Children|Fantasy
61m,Eye for an Eye (1996),Drama|Thriller
62m,Mr. Holland's Opus (1995),Drama
63m,Don't Be a Menace to South Central While Drinking Your Juice in the Hood (1996),Comedy|Crime
64m,Two if by Sea (1996),Comedy|Romance
65m,Bio-Dome (1996),Comedy
66m,Lawnmower Man 2: Beyond Cyberspace (1996),Action|Sci-Fi|Thriller
68m,French Twist (Gazon maudit) (1995),Comedy|Romance
69m,Friday (1995),Comedy
70m,From Dusk Till Dawn (1996),Action|Comedy|Horror|Thriller
71m,Fair Game (1995),Action
72m,Kicking and Screaming (1995),Comedy|Drama
73m,"Misérables, Les (1995)",Drama|War
74m,Bed of Roses (1996),Drama|Romance
75m,Big Bully (1996),Comedy|Drama
76m,Screamers (1995),Action|Sci-Fi|Thriller
77m,Nico Icon (1995),Documentary
78m,"Crossing Guard, The (1995)",Action|Crime|Drama|Thriller
79m,"Juror, The (1996)",Drama|Thriller
80m,"White Balloon, The (Badkonake sefid) (1995)",Children|Drama
81m,Things to Do in Denver When You're Dead (1995),Crime|Drama|Romance
82m,Antonia's Line (Antonia) (1995),Comedy|Drama
83m,Once Upon a Time... When We Were Colored (1995),Drama|Romance
85m,Angels and Insects (1995),Drama|Romance
86m,White Squall (1996),Action|Adventure|Drama
87m,Dunston Checks In (1996),Children|Comedy
88m,Black Sheep (1996),Comedy
89m,Nick of Time (1995),Action|Thriller
92m,Mary Reilly (1996),Drama|Horror|Thriller
93m,Vampire in Brooklyn (1995),Comedy|Horror|Romance
94m,Beautiful Girls (1996),Comedy|Drama|Romance
95m,Broken Arrow (1996),Action|Adventure|Thriller
96m,In the Bleak Midwinter (1995),Comedy|Drama
97m,"Hate (Haine, La) (1995)",Crime|Drama
99m,Heidi Fleiss: Hollywood Madam (1995),Documentary
100m,City Hall (1996),Drama|Thriller
101m,Bottle Rocket (1996),Adventure|Comedy|Crime|Romance
102m,Mr. Wrong (1996),Comedy
103m,Unforgettable (1996),Mystery|Sci-Fi|Thriller
104m,Happy Gilmore (1996),Comedy
105m,"Bridges of Madison County, The (1995)",Drama|Romance
106m,Nobody Loves Me (Keiner liebt mich) (1994),Comedy|Drama
107m,Muppet Treasure Island (1996),Adventure|Children|Comedy|Musical
108m,Catwalk (1996),Documentary
110m,Braveheart (1995),Action|Drama|War
111m,Taxi Driver (1976),Crime|Drama|Thriller
112m,Rumble in the Bronx (Hont faan kui) (1995),Action|Adventure|Comedy|Crime
113m,Before and After (1996),Drama|Mystery
116m,Anne Frank Remembered (1995),Documentary
117m,"Young Poisoner's Handbook, The (1995)",Crime|Drama
118m,If Lucy Fell (1996),Comedy|Romance
119m,"Steal Big, Steal Little (1995)",Comedy
121m,"Boys of St. Vincent, The (1992)",Drama
122m,Boomerang (1992),Comedy|Romance
123m,Chungking Express (Chung Hing sam lam) (1994),Drama|Mystery|Romance
125m,Flirting With Disaster (1996),Comedy
126m,"NeverEnding Story III, The (1994)",Adventure|Children|Fantasy
128m,Jupiter's Wife (1994),Documentary
129m,Pie in the Sky (1996),Comedy|Romance
132m,Jade (1995),Thriller
135m,Down Periscope (1996),Comedy
137m,Man of the Year (1995),Documentary
140m,Up Close and Personal (1996),Drama|Romance
141m,"Birdcage, The (1996)",Comedy
144m,"Brothers McMullen, The (1995)",Comedy
145m,Bad Boys (1995),Action|Comedy|Crime|Drama|Thriller
146m,"Amazing Panda Adventure, The (1995)",Adventure|Children
147m,"Basketball Diaries, The (1995)",Drama
148m,"Awfully Big Adventure, An (1995)",Drama
149m,Amateur (1994),Crime|Drama|Thriller
150m,Apollo 13 (1995),Adventure|Drama|IMAX
151m,Rob Roy (1995),Action|Drama|Romance|War
152m,"Addiction, The (1995)",Drama|Horror
153m,Batman Forever (1995),Action|Adventure|Comedy|Crime
154m,Beauty of the Day (Belle de jour) (1967),Drama
155m,Beyond Rangoon (1995),Adventure|Drama|War
156m,Blue in the Face (1995),Comedy|Drama
157m,Canadian Bacon (1995),Comedy|War
158m,Casper (1995),Adventure|Children
159m,Clockers (1995),Crime|Drama|Mystery
160m,Congo (1995),Action|Adventure|Mystery|Sci-Fi
161m,Crimson Tide (1995),Drama|Thriller|War
162m,Crumb (1994),Documentary
163m,Desperado (1995),Action|Romance|Western
164m,Devil in a Blue Dress (1995),Crime|Film-Noir|Mystery|Thriller
165m,Die Hard: With a Vengeance (1995),Action|Crime|Thriller
166m,"Doom Generation, The (1995)",Comedy|Crime|Drama
168m,First Knight (1995),Action|Drama|Romance
169m,Free Willy 2: The Adventure Home (1995),Adventure|Children|Drama
170m,Hackers (1995),Action|Adventure|Crime|Thriller
171m,Jeffrey (1995),Comedy|Drama
172m,Johnny Mnemonic (1995),Action|Sci-Fi|Thriller
173m,Judge Dredd (1995),Action|Crime|Sci-Fi
174m,Jury Duty (1995),Comedy
175m,Kids (1995),Drama
176m,Living in Oblivion (1995),Comedy
177m,Lord of Illusions (1995),Horror
178m,Love & Human Remains (1993),Comedy|Drama
179m,Mad Love (1995),Drama|Romance
180m,Mallrats (1995),Comedy|Romance
181m,Mighty Morphin Power Rangers: The Movie (1995),Action|Children
183m,Mute Witness (1994),Comedy|Horror|Thriller
184m,Nadja (1994),Drama
185m,"Net, The (1995)",Action|Crime|Thriller
186m,Nine Months (1995),Comedy|Romance
187m,Party Girl (1995),Comedy
188m,"Prophecy, The (1995)",Fantasy|Horror|Mystery
189m,Reckless (1995),Comedy|Fantasy
190m,Safe (1995),Thriller
191m,"Scarlet Letter, The (1995)",Drama|Romance
193m,Showgirls (1995),Drama
194m,Smoke (1995),Comedy|Drama
195m,Something to Talk About (1995),Comedy|Drama|Romance
196m,Species (1995),Horror|Sci-Fi
198m,Strange Days (1995),Action|Crime|Drama|Mystery|Sci-Fi|Thriller
199m,"Umbrellas of Cherbourg, The (Parapluies de Cherbourg, Les) (1964)",Drama|Musical|Romance
201m,Three Wishes (1995),Drama|Fantasy
202m,Total Eclipse (1995),Drama|Romance
203m,"To Wong Foo, Thanks for Everything! Julie Newmar (1995)",Comedy
204m,Under Siege 2: Dark Territory (1995),Action
205m,Unstrung Heroes (1995),Comedy|Drama
206m,Unzipped (1995),Documentary
207m,"Walk in the Clouds, A (1995)",Drama|Romance
208m,Waterworld (1995),Action|Adventure|Sci-Fi
209m,White Man's Burden (1995),Drama
210m,Wild Bill (1995),Western
211m,"Browning Version, The (1994)",Drama
212m,Bushwhacked (1995),Adventure|Comedy|Crime|Mystery
213m,Burnt by the Sun (Utomlyonnye solntsem) (1994),Drama
214m,Before the Rain (Pred dozhdot) (1994),Drama|War
215m,Before Sunrise (1995),Drama|Romance
216m,Billy Madison (1995),Comedy
217m,"Babysitter, The (1995)",Drama|Thriller
218m,Boys on the Side (1995),Comedy|Drama
219m,"Cure, The (1995)",Drama
220m,Castle Freak (1995),Horror
222m,Circle of Friends (1995),Drama|Romance
223m,Clerks (1994),Comedy
224m,Don Juan DeMarco (1995),Comedy|Drama|Romance
225m,Disclosure (1994),Drama|Thriller
227m,Drop Zone (1994),Action|Thriller
228m,Destiny Turns on the Radio (1995),Comedy
229m,Death and the Maiden (1994),Drama|Thriller
230m,Dolores Claiborne (1995),Drama|Thriller
231m,Dumb & Dumber (Dumb and Dumber) (1994),Adventure|Comedy
232m,Eat Drink Man Woman (Yin shi nan nu) (1994),Comedy|Drama|Romance
233m,Exotica (1994),Drama
234m,Exit to Eden (1994),Comedy
235m,Ed Wood (1994),Comedy|Drama
236m,French Kiss (1995),Action|Comedy|Romance
237m,Forget Paris (1995),Comedy|Romance
238m,Far From Home: The Adventures of Yellow Dog (1995),Adventure|Children
239m,"Goofy Movie, A (1995)",Animation|Children|Comedy|Romance
240m,Hideaway (1995),Thriller
241m,Fluke (1995),Children|Drama
242m,Farinelli: il castrato (1994),Drama|Musical
243m,Gordy (1995),Children|Comedy|Fantasy
246m,Hoop Dreams (1994),Documentary
247m,Heavenly Creatures (1994),Crime|Drama
248m,Houseguest (1994),Comedy
249m,Immortal Beloved (1994),Drama|Romance
250m,Heavyweights (Heavy Weights) (1995),Children|Comedy
251m,"Hunted, The (1995)",Action
252m,I.Q. (1994),Comedy|Romance
253m,Interview with the Vampire: The Vampire Chronicles (1994),Drama|Horror
254m,Jefferson in Paris (1995),Drama
255m,"Jerky Boys, The (1995)",Comedy
256m,Junior (1994),Comedy|Sci-Fi
257m,Just Cause (1995),Mystery|Thriller
258m,"Kid in King Arthur's Court, A (1995)",Adventure|Children|Comedy|Fantasy|Romance
259m,Kiss of Death (1995),Crime|Drama|Thriller
260m,Star Wars: Episode IV - A New Hope (1977),Action|Adventure|Sci-Fi
261m,Little Women (1994),Drama
262m,"Little Princess, A (1995)",Children|Drama
263m,Ladybird Ladybird (1994),Drama
265m,Like Water for Chocolate (Como agua para chocolate) (1992),Drama|Fantasy|Romance
266m,Legends of the Fall (1994),Drama|Romance|War|Western
267m,Major Payne (1995),Comedy
269m,My Crazy Life (Mi vida loca) (1993),Drama
270m,Love Affair (1994),Drama|Romance
271m,Losing Isaiah (1995),Drama
272m,"Madness of King George, The (1994)",Comedy|Drama
273m,Mary Shelley's Frankenstein (Frankenstein) (1994),Drama|Horror|Sci-Fi
274m,Man of the House (1995),Comedy
275m,Mixed Nuts (1994),Comedy
276m,Milk Money (1994),Comedy|Romance
277m,Miracle on 34th Street (1994),Drama
278m,Miami Rhapsody (1995),Comedy
279m,My Family (1995),Drama
280m,Murder in the First (1995),Drama|Thriller
281m,Nobody's Fool (1994),Comedy|Drama|Romance
282m,Nell (1994),Drama
283m,New Jersey Drive (1995),Crime|Drama
284m,New York Cop (Nyû Yôku no koppu) (1993),Action|Crime
285m,Beyond Bedlam (1993),Drama|Horror
287m,Nina Takes a Lover (1994),Comedy|Romance
288m,Natural Born Killers (1994),Action|Crime|Thriller
289m,Only You (1994),Comedy|Romance
290m,Once Were Warriors (1994),Crime|Drama
291m,Poison Ivy II (1996),Drama|Thriller
292m,Outbreak (1995),Action|Drama|Sci-Fi|Thriller
293m,Léon: The Professional (a.k.a. The Professional) (Léon) (1994),Action|Crime|Drama|Thriller
294m,"Perez Family, The (1995)",Comedy|Romance
295m,"Pyromaniac's Love Story, A (1995)",Comedy|Romance
296m,Pulp Fiction (1994),Comedy|Crime|Drama|Thriller
298m,Pushing Hands (Tui shou) (1992),Drama
299m,Priest (1994),Drama
300m,Quiz Show (1994),Drama
301m,Picture Bride (Bijo photo) (1994),Drama|Romance
302m,"Queen Margot (Reine Margot, La) (1994)",Drama|Romance
303m,"Quick and the Dead, The (1995)",Action|Thriller|Western
304m,Roommates (1995),Comedy|Drama
305m,Ready to Wear (Pret-A-Porter) (1994),Comedy
306m,Three Colors: Red (Trois couleurs: Rouge) (1994),Drama
307m,Three Colors: Blue (Trois couleurs: Bleu) (1993),Drama
308m,Three Colors: White (Trzy kolory: Bialy) (1994),Comedy|Drama
310m,Rent-a-Kid (1995),Comedy
311m,Relative Fear (1994),Horror|Thriller
312m,Stuart Saves His Family (1995),Comedy
313m,"Swan Princess, The (1994)",Animation|Children
314m,"Secret of Roan Inish, The (1994)",Children|Drama|Fantasy|Mystery
315m,"Specialist, The (1994)",Action|Drama|Thriller
316m,Stargate (1994),Action|Adventure|Sci-Fi
317m,"Santa Clause, The (1994)",Comedy|Drama|Fantasy
318m,"Shawshank Redemption, The (1994)",Crime|Drama
319m,Shallow Grave (1994),Comedy|Drama|Thriller
320m,Suture (1993),Film-Noir|Thriller
321m,Strawberry and Chocolate (Fresa y chocolate) (1993),Drama
322m,Swimming with Sharks (1995),Comedy|Drama
324m,"Sum of Us, The (1994)",Comedy|Drama
325m,National Lampoon's Senior Trip (1995),Comedy
326m,To Live (Huozhe) (1994),Drama
327m,Tank Girl (1995),Action|Comedy|Sci-Fi
328m,Tales from the Crypt Presents: Demon Knight (1995),Horror|Thriller
329m,Star Trek: Generations (1994),Adventure|Drama|Sci-Fi
330m,Tales from the Hood (1995),Action|Crime|Horror
331m,Tom & Viv (1994),Drama
332m,Village of the Damned (1995),Horror|Sci-Fi
333m,Tommy Boy (1995),Comedy
334m,Vanya on 42nd Street (1994),Drama
335m,Underneath (1995),Mystery|Thriller
336m,"Walking Dead, The (1995)",Drama|War
337m,What's Eating Gilbert Grape (1993),Drama
338m,Virtuosity (1995),Action|Sci-Fi|Thriller
339m,While You Were Sleeping (1995),Comedy|Romance
340m,"War, The (1994)",Adventure|Drama|War
341m,Double Happiness (1994),Drama
342m,Muriel's Wedding (1994),Comedy
343m,"Baby-Sitters Club, The (1995)",Children
344m,Ace Ventura: Pet Detective (1994),Comedy
345m,"Adventures of Priscilla, Queen of the Desert, The (1994)",Comedy|Drama
346m,Backbeat (1993),Drama|Musical
347m,Bitter Moon (1992),Drama|Film-Noir|Romance
348m,Bullets Over Broadway (1994),Comedy
349m,Clear and Present Danger (1994),Action|Crime|Drama|Thriller
350m,"Client, The (1994)",Drama|Mystery|Thriller
351m,"Corrina, Corrina (1994)",Comedy|Drama|Romance
352m,Crooklyn (1994),Comedy|Drama
353m,"Crow, The (1994)",Action|Crime|Fantasy|Thriller
354m,Cobb (1994),Drama
355m,"Flintstones, The (1994)",Children|Comedy|Fantasy
356m,Forrest Gump (1994),Comedy|Drama|Romance|War
357m,Four Weddings and a Funeral (1994),Comedy|Romance
358m,Higher Learning (1995),Drama
359m,I Like It Like That (1994),Comedy|Drama|Romance
360m,I Love Trouble (1994),Action|Comedy
361m,It Could Happen to You (1994),Comedy|Drama|Romance
362m,"Jungle Book, The (1994)",Adventure|Children|Romance
363m,"Wonderful, Horrible Life of Leni Riefenstahl, The (Macht der Bilder: Leni Riefenstahl, Die) (1993)",Documentary
364m,"Lion King, The (1994)",Adventure|Animation|Children|Drama|Musical|IMAX
365m,Little Buddha (1993),Drama
366m,"Wes Craven's New Nightmare (Nightmare on Elm Street Part 7: Freddy's Finale, A) (1994)",Drama|Horror|Mystery|Thriller
367m,"Mask, The (1994)",Action|Comedy|Crime|Fantasy
368m,Maverick (1994),Adventure|Comedy|Western
369m,Mrs. Parker and the Vicious Circle (1994),Drama
370m,Naked Gun 33 1/3: The Final Insult (1994),Action|Comedy
371m,"Paper, The (1994)",Comedy|Drama
372m,Reality Bites (1994),Comedy|Drama|Romance
373m,Red Rock West (1992),Thriller
374m,Richie Rich (1994),Children|Comedy
376m,"River Wild, The (1994)",Action|Thriller
377m,Speed (1994),Action|Romance|Thriller
378m,Speechless (1994),Comedy|Romance
379m,Timecop (1994),Action|Sci-Fi|Thriller
380m,True Lies (1994),Action|Adventure|Comedy|Romance|Thriller
381m,When a Man Loves a Woman (1994),Drama|Romance
382m,Wolf (1994),Drama|Horror|Romance|Thriller
383m,Wyatt Earp (1994),Western
384m,Bad Company (1995),Action|Crime|Drama
385m,"Man of No Importance, A (1994)",Drama
386m,S.F.W. (1994),Drama
387m,"Low Down Dirty Shame, A (1994)",Action|Comedy
388m,Boys Life (1995),Drama
389m,"Colonel Chabert, Le (1994)",Drama|Romance|War
390m,Faster Pussycat! Kill! Kill! (1965),Action|Crime|Drama
391m,Jason's Lyric (1994),Crime|Drama
393m,Street Fighter (1994),Action|Adventure|Fantasy
405m,Highlander III: The Sorcerer (a.k.a. Highlander: The Final Dimension) (1994),Action|Fantasy
406m,Federal Hill (1994),Drama
407m,In the Mouth of Madness (1995),Horror|Thriller
408m,8 Seconds (1994),Drama
409m,Above the Rim (1994),Crime|Drama
410m,Addams Family Values (1993),Children|Comedy|Fantasy
412m,"Age of Innocence, The (1993)",Drama
413m,Airheads (1994),Comedy
414m,"Air Up There, The (1994)",Comedy
415m,Another Stakeout (1993),Comedy|Thriller
416m,Bad Girls (1994),Western
417m,Barcelona (1994),Comedy|Romance
418m,Being Human (1993),Drama
419m,"Beverly Hillbillies, The (1993)",Comedy
420m,Beverly Hills Cop III (1994),Action|Comedy|Crime|Thriller
421m,Black Beauty (1994),Adventure|Children|Drama
422m,Blink (1994),Thriller
423m,Blown Away (1994),Action|Thriller
424m,Blue Chips (1994),Drama
425m,Blue Sky (1994),Drama|Romance
426m,Body Snatchers (1993),Horror|Sci-Fi|Thriller
427m,Boxing Helena (1993),Drama|Mystery|Romance|Thriller
428m,"Bronx Tale, A (1993)",Drama
429m,Cabin Boy (1994),Comedy
430m,Calendar Girl (1993),Comedy|Drama
431m,Carlito's Way (1993),Crime|Drama
432m,City Slickers II: The Legend of Curly's Gold (1994),Adventure|Comedy|Western
433m,Clean Slate (1994),Comedy
434m,Cliffhanger (1993),Action|Adventure|Thriller
435m,Coneheads (1993),Comedy|Sci-Fi
436m,Color of Night (1994),Drama|Thriller
437m,Cops and Robbersons (1994),Comedy
438m,"Cowboy Way, The (1994)",Action|Comedy|Drama
440m,Dave (1993),Comedy|Romance
441m,Dazed and Confused (1993),Comedy
442m,Demolition Man (1993),Action|Adventure|Sci-Fi
444m,Even Cowgirls Get the Blues (1993),Comedy|Romance
445m,Fatal Instinct (1993),Comedy
446m,Farewell My Concubine (Ba wang bie ji) (1993),Drama|Romance
448m,Fearless (1993),Drama
449m,Fear of a Black Hat (1994),Comedy
450m,With Honors (1994),Comedy|Drama
451m,Flesh and Bone (1993),Drama|Mystery|Romance
452m,Widows' Peak (1994),Drama
453m,For Love or Money (1993),Comedy|Romance
454m,"Firm, The (1993)",Drama|Thriller
455m,Free Willy (1993),Adventure|Children|Drama
456m,Fresh (1994),Crime|Drama|Thriller
457m,"Fugitive, The (1993)",Thriller
458m,Geronimo: An American Legend (1993),Drama|Western
459m,"Getaway, The (1994)",Action|Adventure|Crime|Drama|Romance|Thriller
460m,Getting Even with Dad (1994),Comedy
461m,Go Fish (1994),Drama|Romance
464m,Hard Target (1993),Action|Adventure|Crime|Thriller
466m,Hot Shots! Part Deux (1993),Action|Comedy|War
467m,Live Nude Girls (1995),Comedy
468m,"Englishman Who Went Up a Hill But Came Down a Mountain, The (1995)",Comedy|Romance
469m,"House of the Spirits, The (1993)",Drama|Romance
470m,House Party 3 (1994),Comedy
471m,"Hudsucker Proxy, The (1994)",Comedy
472m,I'll Do Anything (1994),Comedy|Drama
473m,In the Army Now (1994),Comedy|War
474m,In the Line of Fire (1993),Action|Thriller
475m,In the Name of the Father (1993),Drama
476m,"Inkwell, The (1994)",Comedy|Drama
477m,What's Love Got to Do with It? (1993),Drama|Musical
478m,Jimmy Hollywood (1994),Comedy|Crime|Drama
479m,Judgment Night (1993),Action|Crime|Thriller
480m,Jurassic Park (1993),Action|Adventure|Sci-Fi|Thriller
481m,Kalifornia (1993),Drama|Thriller
482m,Killing Zoe (1994),Crime|Drama|Thriller
484m,Lassie (1994),Adventure|Children
485m,Last Action Hero (1993),Action|Adventure|Comedy|Fantasy
486m,Life with Mikey (1993),Comedy
487m,Lightning Jack (1994),Comedy|Western
488m,M. Butterfly (1993),Drama|Romance
489m,Made in America (1993),Comedy
490m,Malice (1993),Thriller
491m,"Man Without a Face, The (1993)",Drama
492m,Manhattan Murder Mystery (1993),Comedy|Mystery
493m,Menace II Society (1993),Action|Crime|Drama
494m,Executive Decision (1996),Action|Adventure|Thriller
495m,In the Realm of the Senses (Ai no corrida) (1976),Drama
496m,What Happened Was... (1994),Comedy|Drama|Romance|Thriller
497m,Much Ado About Nothing (1993),Comedy|Romance
499m,Mr. Wonderful (1993),Comedy|Romance
500m,Mrs. Doubtfire (1993),Comedy|Drama
501m,Naked (1993),Drama
502m,"Next Karate Kid, The (1994)",Action|Children|Romance
504m,No Escape (1994),Action|Drama|Sci-Fi
505m,North (1994),Comedy
506m,Orlando (1992),Drama|Fantasy|Romance
507m,"Perfect World, A (1993)",Crime|Drama|Thriller
508m,Philadelphia (1993),Drama
509m,"Piano, The (1993)",Drama|Romance
510m,Poetic Justice (1993),Drama
511m,"Program, The (1993)",Action|Drama
512m,"Puppet Masters, The (1994)",Horror|Sci-Fi
513m,Radioland Murders (1994),Comedy|Mystery|Romance
514m,"Ref, The (1994)",Comedy
515m,"Remains of the Day, The (1993)",Drama|Romance
516m,Renaissance Man (1994),Comedy|Drama
517m,Rising Sun (1993),Action|Drama|Mystery
518m,"Road to Wellville, The (1994)",Comedy
519m,RoboCop 3 (1993),Action|Crime|Drama|Sci-Fi|Thriller
520m,Robin Hood: Men in Tights (1993),Comedy
521m,Romeo Is Bleeding (1993),Crime|Thriller
522m,Romper Stomper (1992),Action|Drama
523m,Ruby in Paradise (1993),Drama
524m,Rudy (1993),Drama
526m,"Savage Nights (Nuits fauves, Les) (1992)",Drama
527m,Schindler's List (1993),Drama|War
528m,"Scout, The (1994)",Comedy|Drama
529m,Searching for Bobby Fischer (1993),Drama
531m,"Secret Garden, The (1993)",Children|Drama
532m,Serial Mom (1994),Comedy|Crime|Horror
533m,"Shadow, The (1994)",Action|Adventure|Fantasy|Mystery
534m,Shadowlands (1993),Drama|Romance
535m,Short Cuts (1993),Drama
536m,"Simple Twist of Fate, A (1994)",Drama
537m,Sirens (1994),Drama
538m,Six Degrees of Separation (1993),Drama
539m,Sleepless in Seattle (1993),Comedy|Drama|Romance
540m,Sliver (1993),Thriller
541m,Blade Runner (1982),Action|Sci-Fi|Thriller
542m,Son in Law (1993),Comedy|Drama|Romance
543m,So I Married an Axe Murderer (1993),Comedy|Romance|Thriller
544m,Striking Distance (1993),Action|Crime
546m,Super Mario Bros. (1993),Action|Adventure|Children|Comedy|Fantasy|Sci-Fi
547m,Surviving the Game (1994),Action|Adventure|Thriller
548m,Terminal Velocity (1994),Action|Mystery|Thriller
549m,Thirty-Two Short Films About Glenn Gould (1993),Drama|Musical
550m,Threesome (1994),Comedy|Romance
551m,"Nightmare Before Christmas, The (1993)",Animation|Children|Fantasy|Musical
552m,"Three Musketeers, The (1993)",Action|Adventure|Comedy|Romance
553m,Tombstone (1993),Action|Drama|Western
555m,True Romance (1993),Crime|Thriller
556m,"War Room, The (1993)",Documentary
558m,"Pagemaster, The (1994)",Action|Adventure|Animation|Children|Fantasy
562m,Welcome to the Dollhouse (1995),Comedy|Drama
563m,Germinal (1993),Drama|Romance
564m,Chasers (1994),Comedy
567m,Kika (1993),Comedy|Drama
568m,Bhaji on the Beach (1993),Comedy|Drama
569m,Little Big League (1994),Comedy|Drama
573m,"Ciao, Professore! (Io speriamo che me la cavo) (1992)",Drama
574m,Spanking the Monkey (1994),Comedy|Drama
575m,"Little Rascals, The (1994)",Children|Comedy
577m,Andre (1994),Adventure|Children|Drama
579m,"Escort, The (Scorta, La) (1993)",Crime|Thriller
580m,Princess Caraboo (1994),Drama
581m,"Celluloid Closet, The (1995)",Documentary
583m,Dear Diary (Caro Diario) (1994),Comedy|Drama
585m,"Brady Bunch Movie, The (1995)",Comedy
586m,Home Alone (1990),Children|Comedy
587m,Ghost (1990),Comedy|Drama|Fantasy|Romance|Thriller
588m,Aladdin (1992),Adventure|Animation|Children|Comedy|Musical
589m,Terminator 2: Judgment Day (1991),Action|Sci-Fi
590m,Dances with Wolves (1990),Adventure|Drama|Western
592m,Batman (1989),Action|Crime|Thriller
593m,"Silence of the Lambs, The (1991)",Crime|Horror|Thriller
594m,Snow White and the Seven Dwarfs (1937),Animation|Children|Drama|Fantasy|Musical
595m,Beauty and the Beast (1991),Animation|Children|Fantasy|Musical|Romance|IMAX
596m,Pinocchio (1940),Animation|Children|Fantasy|Musical
597m,Pretty Woman (1990),Comedy|Romance
599m,"Wild Bunch, The (1969)",Adventure|Western
600m,Love and a .45 (1994),Action|Comedy|Crime
602m,"Great Day in Harlem, A (1994)",Documentary
605m,One Fine Day (1996),Drama|Romance
606m,Candyman: Farewell to the Flesh (1995),Fantasy|Horror
608m,Fargo (1996),Comedy|Crime|Drama|Thriller
609m,Homeward Bound II: Lost in San Francisco (1996),Adventure|Children
610m,Heavy Metal (1981),Action|Adventure|Animation|Horror|Sci-Fi
611m,Hellraiser: Bloodline (1996),Action|Horror|Sci-Fi
612m,"Pallbearer, The (1996)",Comedy
613m,Jane Eyre (1996),Drama|Romance
615m,Bread and Chocolate (Pane e cioccolata) (1973),Comedy|Drama
616m,"Aristocats, The (1970)",Animation|Children
617m,"Flower of My Secret, The (La flor de mi secreto) (1995)",Comedy|Drama
618m,Two Much (1995),Comedy|Romance
619m,Ed (1996),Comedy
626m,"Thin Line Between Love and Hate, A (1996)",Comedy
627m,"Last Supper, The (1995)",Drama|Thriller
628m,Primal Fear (1996),Crime|Drama|Mystery|Thriller
631m,All Dogs Go to Heaven 2 (1996),Adventure|Animation|Children|Fantasy|Musical|Romance
632m,Land and Freedom (Tierra y libertad) (1995),Drama|War
633m,Denise Calls Up (1995),Comedy
634m,Theodore Rex (1995),Comedy
635m,"Family Thing, A (1996)",Comedy|Drama
636m,Frisk (1995),Drama
637m,Sgt. Bilko (1996),Comedy
638m,Jack and Sarah (1995),Romance
639m,Girl 6 (1996),Comedy|Drama
640m,Diabolique (1996),Drama|Thriller
645m,Nelly & Monsieur Arnaud (1995),Drama
647m,Courage Under Fire (1996),Action|Crime|Drama|War
648m,Mission: Impossible (1996),Action|Adventure|Mystery|Thriller
649m,Cold Fever (Á köldum klaka) (1995),Comedy|Drama
650m,Moll Flanders (1996),Drama
653m,Dragonheart (1996),Action|Adventure|Fantasy
656m,Eddie (1996),Comedy
661m,James and the Giant Peach (1996),Adventure|Animation|Children|Fantasy|Musical
662m,Fear (1996),Thriller
663m,Kids in the Hall: Brain Candy (1996),Comedy
665m,Underground (1995),Comedy|Drama|War
667m,Bloodsport 2 (a.k.a. Bloodsport II: The Next Kumite) (1996),Action
668m,Song of the Little Road (Pather Panchali) (1955),Drama
670m,"World of Apu, The (Apur Sansar) (1959)",Drama
671m,Mystery Science Theater 3000: The Movie (1996),Comedy|Sci-Fi
673m,Space Jam (1996),Adventure|Animation|Children|Comedy|Fantasy|Sci-Fi
674m,Barbarella (1968),Adventure|Comedy|Sci-Fi
678m,Some Folks Call It a Sling Blade (1993),Drama|Thriller
679m,"Run of the Country, The (1995)",Drama
680m,"Alphaville (Alphaville, une étrange aventure de Lemmy Caution) (1965)",Drama|Mystery|Romance|Sci-Fi|Thriller
685m,It's My Party (1996),Drama
688m,Operation Dumbo Drop (1995),Action|Adventure|Comedy|War
691m,Mrs. Winterbourne (1996),Comedy|Romance
692m,Solo (1996),Action|Sci-Fi|Thriller
694m,"Substitute, The (1996)",Action|Crime|Drama
695m,True Crime (1996),Mystery|Thriller
697m,Feeling Minnesota (1996),Drama|Romance
698m,Delta of Venus (1995),Drama
700m,Angus (1995),Comedy
703m,Boys (1996),Drama
704m,"Quest, The (1996)",Action|Adventure
706m,Sunset Park (1996),Drama
707m,Mulholland Falls (1996),Crime|Drama|Thriller
708m,"Truth About Cats & Dogs, The (1996)",Comedy|Romance
709m,Oliver & Company (1988),Adventure|Animation|Children|Comedy|Musical
710m,Celtic Pride (1996),Comedy
711m,Flipper (1996),Adventure|Children
714m,Dead Man (1995),Drama|Mystery|Western
715m,"Horseman on the Roof, The (Hussard sur le toit, Le) (1995)",Drama|Romance
718m,"Visitors, The (Visiteurs, Les) (1993)",Comedy|Fantasy|Sci-Fi
719m,Multiplicity (1996),Comedy
720m,Wallace & Gromit: The Best of Aardman Animation (1996),Adventure|Animation|Comedy
722m,"Haunted World of Edward D. Wood Jr., The (1996)",Documentary
724m,"Craft, The (1996)",Drama|Fantasy|Horror|Thriller
725m,"Great White Hype, The (1996)",Comedy
726m,Last Dance (1996),Drama
728m,Cold Comfort Farm (1995),Comedy
731m,Heaven's Prisoners (1996),Crime|Thriller
733m,"Rock, The (1996)",Action|Adventure|Thriller
735m,Cemetery Man (Dellamorte Dellamore) (1994),Horror
736m,Twister (1996),Action|Adventure|Romance|Thriller
737m,Barb Wire (1996),Action|Sci-Fi
741m,Ghost in the Shell (Kôkaku kidôtai) (1995),Animation|Sci-Fi
742m,Thinner (1996),Horror|Thriller
743m,Spy Hard (1996),Comedy
745m,Wallace & Gromit: A Close Shave (1995),Animation|Children|Comedy
747m,"Stupids, The (1996)",Comedy
748m,"Arrival, The (1996)",Action|Sci-Fi|Thriller
750m,Dr. Strangelove or: How I Learned to Stop Worrying and Love the Bomb (1964),Comedy|War
757m,Ashes of Time (Dung che sai duk) (1994),Drama
759m,Maya Lin: A Strong Clear Vision (1994),Documentary
760m,Stalingrad (1993),Drama|War
761m,"Phantom, The (1996)",Action|Adventure
762m,Striptease (1996),Comedy|Crime
764m,Heavy (1995),Drama|Romance
765m,Jack (1996),Comedy|Drama
766m,I Shot Andy Warhol (1996),Drama
773m,Touki Bouki (1973),Drama
775m,Spirits of the Dead (1968),Horror|Mystery
778m,Trainspotting (1996),Comedy|Crime|Drama
779m,'Til There Was You (1997),Drama|Romance
780m,Independence Day (a.k.a. ID4) (1996),Action|Adventure|Sci-Fi|Thriller
781m,Stealing Beauty (1996),Drama
782m,"Fan, The (1996)",Drama|Thriller
783m,"Hunchback of Notre Dame, The (1996)",Animation|Children|Drama|Musical|Romance
784m,"Cable Guy, The (1996)",Comedy|Thriller
785m,Kingpin (1996),Comedy
786m,Eraser (1996),Action|Drama|Thriller
788m,"Nutty Professor, The (1996)",Comedy|Fantasy|Romance|Sci-Fi
790m,"Unforgettable Summer, An (Un été inoubliable) (1994)",Drama
791m,"Last Klezmer: Leopold Kozlowski, His Life and Music, The (1994)",Documentary
795m,Somebody to Love (1994),Drama
798m,Daylight (1996),Action|Adventure|Drama|Thriller
799m,"Frighteners, The (1996)",Comedy|Horror|Thriller
800m,Lone Star (1996),Drama|Mystery|Western
801m,Harriet the Spy (1996),Children|Comedy
802m,Phenomenon (1996),Drama|Romance
803m,Walking and Talking (1996),Comedy|Drama|Romance
804m,She's the One (1996),Comedy|Romance
805m,"Time to Kill, A (1996)",Drama|Thriller
806m,American Buffalo (1996),Crime|Drama
808m,Alaska (1996),Adventure|Children
809m,Fled (1996),Action|Adventure
810m,Kazaam (1996),Children|Comedy|Fantasy
813m,Larger Than Life (1996),Comedy
818m,"Very Brady Sequel, A (1996)",Comedy
823m,"Collector, The (La collectionneuse) (1967)",Drama
824m,Kaspar Hauser (1993),Drama|Mystery
828m,"Adventures of Pinocchio, The (1996)",Adventure|Children
829m,Joe's Apartment (1996),Comedy|Fantasy|Musical
830m,"First Wives Club, The (1996)",Comedy
832m,Ransom (1996),Crime|Thriller
833m,High School High (1996),Comedy
835m,Foxfire (1996),Drama
836m,Chain Reaction (1996),Action|Adventure|Thriller
837m,Matilda (1996),Children|Comedy|Fantasy
838m,Emma (1996),Comedy|Drama|Romance
839m,"Crow: City of Angels, The (1996)",Action|Thriller
840m,House Arrest (1996),Children|Comedy
841m,"Eyes Without a Face (Yeux sans visage, Les) (1959)",Horror
842m,Tales from the Crypt Presents: Bordello of Blood (1996),Comedy|Horror
848m,"Spitfire Grill, The (1996)",Drama
849m,Escape from L.A. (1996),Action|Adventure|Sci-Fi|Thriller
851m,Basquiat (1996),Drama
852m,Tin Cup (1996),Comedy|Drama|Romance
858m,"Godfather, The (1972)",Crime|Drama
861m,Supercop (Police Story 3: Supercop) (Jing cha gu shi III: Chao ji jing cha) (1992),Action|Comedy|Crime|Thriller
866m,Bound (1996),Crime|Drama|Romance|Thriller
867m,Carpool (1996),Comedy|Crime
869m,Kansas City (1996),Crime|Drama|Musical|Thriller
870m,Gone Fishin' (1997),Comedy
875m,Nothing to Lose (1994),Action|Crime|Drama
876m,Supercop 2 (Project S) (Chao ji ji hua) (1993),Action|Comedy|Crime|Thriller
879m,"Relic, The (1997)",Horror|Thriller
880m,"Island of Dr. Moreau, The (1996)",Sci-Fi|Thriller
881m,First Kid (1996),Children|Comedy
882m,"Trigger Effect, The (1996)",Drama|Thriller
885m,Bogus (1996),Children|Drama|Fantasy
886m,Bulletproof (1996),Action|Comedy|Crime
888m,Land Before Time III: The Time of the Great Giving (1995),Adventure|Animation|Children|Musical
889m,1-900 (06) (1994),Drama|Romance
891m,Halloween: The Curse of Michael Myers (Halloween 6: The Curse of Michael Myers) (1995),Horror|Thriller
892m,Twelfth Night (1996),Comedy|Drama|Romance
893m,Mother Night (1996),Drama
896m,Wild Reeds (Les roseaux sauvages) (1994),Drama
897m,For Whom the Bell Tolls (1943),Adventure|Drama|Romance|War
898m,"Philadelphia Story, The (1940)",Comedy|Drama|Romance
899m,Singin' in the Rain (1952),Comedy|Musical|Romance
900m,"American in Paris, An (1951)",Musical|Romance
901m,Funny Face (1957),Comedy|Musical
902m,Breakfast at Tiffany's (1961),Drama|Romance
903m,Vertigo (1958),Drama|Mystery|Romance|Thriller
904m,Rear Window (1954),Mystery|Thriller
905m,It Happened One Night (1934),Comedy|Romance
906m,Gaslight (1944),Drama|Thriller
907m,"Gay Divorcee, The (1934)",Comedy|Musical|Romance
908m,North by Northwest (1959),Action|Adventure|Mystery|Romance|Thriller
909m,"Apartment, The (1960)",Comedy|Drama|Romance
910m,Some Like It Hot (1959),Comedy|Crime
911m,Charade (1963),Comedy|Crime|Mystery|Romance|Thriller
912m,Casablanca (1942),Drama|Romance
913m,"Maltese Falcon, The (1941)",Film-Noir|Mystery
914m,My Fair Lady (1964),Comedy|Drama|Musical|Romance
915m,Sabrina (1954),Comedy|Romance
916m,Roman Holiday (1953),Comedy|Drama|Romance
917m,"Little Princess, The (1939)",Children|Drama
918m,Meet Me in St. Louis (1944),Musical
919m,"Wizard of Oz, The (1939)",Adventure|Children|Fantasy|Musical
920m,Gone with the Wind (1939),Drama|Romance|War
921m,My Favorite Year (1982),Comedy
922m,Sunset Blvd. (a.k.a. Sunset Boulevard) (1950),Drama|Film-Noir|Romance
923m,Citizen Kane (1941),Drama|Mystery
924m,2001: A Space Odyssey (1968),Adventure|Drama|Sci-Fi
926m,All About Eve (1950),Drama
927m,"Women, The (1939)",Comedy
928m,Rebecca (1940),Drama|Mystery|Romance|Thriller
929m,Foreign Correspondent (1940),Drama|Film-Noir|Mystery|Thriller
930m,Notorious (1946),Film-Noir|Romance|Thriller
931m,Spellbound (1945),Mystery|Romance|Thriller
932m,"Affair to Remember, An (1957)",Drama|Romance
933m,To Catch a Thief (1955),Crime|Mystery|Romance|Thriller
934m,Father of the Bride (1950),Comedy
935m,"Band Wagon, The (1953)",Comedy|Musical
936m,Ninotchka (1939),Comedy|Romance
937m,Love in the Afternoon (1957),Comedy|Romance
938m,Gigi (1958),Musical
940m,"Adventures of Robin Hood, The (1938)",Action|Adventure|Romance
941m,"Mark of Zorro, The (1940)",Adventure
942m,Laura (1944),Crime|Film-Noir|Mystery
943m,"Ghost and Mrs. Muir, The (1947)",Drama|Fantasy|Romance
944m,Lost Horizon (1937),Drama
945m,Top Hat (1935),Comedy|Musical|Romance
946m,To Be or Not to Be (1942),Comedy|Drama|War
947m,My Man Godfrey (1936),Comedy|Romance
948m,Giant (1956),Drama|Romance|Western
949m,East of Eden (1955),Drama
950m,"Thin Man, The (1934)",Comedy|Crime
951m,His Girl Friday (1940),Comedy|Romance
952m,Around the World in 80 Days (1956),Adventure|Comedy
953m,It's a Wonderful Life (1946),Children|Drama|Fantasy|Romance
954m,Mr. Smith Goes to Washington (1939),Drama
955m,Bringing Up Baby (1938),Comedy|Romance
956m,Penny Serenade (1941),Drama|Romance
959m,Of Human Bondage (1934),Drama
961m,Little Lord Fauntleroy (1936),Drama
963m,"Inspector General, The (1949)",Musical
965m,"39 Steps, The (1935)",Drama|Mystery|Thriller
968m,Night of the Living Dead (1968),Horror|Sci-Fi|Thriller
969m,"African Queen, The (1951)",Adventure|Comedy|Romance|War
970m,Beat the Devil (1953),Adventure|Comedy|Crime|Drama|Romance
971m,Cat on a Hot Tin Roof (1958),Drama
973m,Meet John Doe (1941),Comedy|Drama
976m,"Farewell to Arms, A (1932)",Romance|War
979m,Nothing Personal (1995),Drama|War
981m,Dangerous Ground (1997),Drama
982m,Picnic (1955),Drama
984m,"Pompatus of Love, The (1996)",Comedy|Drama
986m,Fly Away Home (1996),Adventure|Children
987m,Bliss (1997),Drama|Romance
988m,Grace of My Heart (1996),Comedy|Drama
990m,Maximum Risk (1996),Action|Adventure|Thriller
991m,Michael Collins (1996),Drama
993m,Infinity (1996),Drama
994m,Big Night (1996),Comedy|Drama
996m,Last Man Standing (1996),Action|Crime|Drama|Thriller
998m,Set It Off (1996),Action|Crime
999m,2 Days in the Valley (1996),Crime|Film-Noir
1003m,Extreme Measures (1996),Drama|Thriller
1004m,"Glimmer Man, The (1996)",Action|Thriller
1005m,D3: The Mighty Ducks (1996),Children|Comedy
1006m,"Chamber, The (1996)",Drama
