userId,movieId,tag,timestamp
2u,60756m,funny,1445714994
2u,60756m,Highly quotable,1445714996
2u,60756m,will ferrell,1445714992
2u,89774m,Boxing story,1445715207
2u,89774m,MMA,1445715200
2u,89774m,Tom Hardy,1445715205
2u,106782m,drugs,1445715054
2u,106782m,Leonardo DiCaprio,1445715051
2u,106782m,Martin Scorsese,1445715056
7u,48516m,way too long,1169687325
18u,431m,Al Pacino,1462138765
18u,431m,gangster,1462138749
18u,431m,mafia,1462138755
18u,1221m,Al Pacino,1461699306
18u,1221m,Mafia,1461699303
18u,5995m,holocaust,1455735472
18u,5995m,true story,1455735479
18u,44665m,twist ending,1456948283
18u,52604m,Anthony Hopkins,1457650696
18u,52604m,courtroom drama,1457650711
18u,52604m,twist ending,1457650682
18u,88094m,britpop,1457444500
18u,88094m,indie record label,1457444592
18u,88094m,music,1457444609
18u,144210m,dumpster diving,1455060381
18u,144210m,Sustainability,1455060452
21u,1569m,romantic comedy,1419805413
21u,1569m,wedding,1419805419
21u,118985m,painter,1419805477
21u,119141m,bloody,1419793962
49u,109487m,black hole,1493093306
49u,109487m,sci-fi,1493093332
49u,109487m,time-travel,1493093356
62u,2m,fantasy,1528843929
62u,2m,magic board game,1528843932
62u,2m,Robin Williams,1528843907
62u,110m,beautiful scenery,1528152541
62u,110m,epic,1528152532
62u,110m,historical,1528152523
62u,110m,inspirational,1528152527
62u,110m,Medieval,1528152528
62u,110m,mel gibson,1528152521
62u,110m,Oscar (Best Cinematography),1528152539
62u,110m,revenge,1528152531
62u,110m,sword fight,1528152535
62u,410m,black comedy,1525636607
62u,410m,Christina Ricci,1525636685
62u,410m,Christopher Lloyd,1525636622
62u,410m,dark comedy,1525636610
62u,410m,family,1525636708
62u,410m,gothic,1525636609
62u,2023m,Al Pacino,1525636728
62u,2023m,Andy Garcia,1525636768
62u,2023m,Classic,1525636752
62u,2023m,Francis Ford Coppola,1525636752
62u,2023m,mafia,1525636733
62u,2124m,black comedy,1525636847
62u,2124m,Christina Ricci,1525636867
62u,2124m,Christopher Lloyd,1525636859
62u,2124m,Family,1525636855
62u,2124m,gothic,1525636849
62u,2124m,quirky,1525636846
62u,2953m,family,1525636883
62u,2953m,funny,1525636885
62u,2953m,Macaulay Culkin,1525636890
62u,2953m,sequel,1525636887
62u,3114m,animation,1525636903
62u,3114m,Disney,1525636902
62u,3114m,funny,1525636913
62u,3114m,original,1525636917
62u,3114m,Pixar,1525636901
62u,3114m,sequel,1525636910
62u,3114m,Tom Hanks,1525636925
62u,3578m,ancient Rome,1528152504
62u,3578m,Epic,1528152469
62u,3578m,history,1528152467
62u,3578m,imdb top 250,1528152498
62u,3578m,revenge,1528152496
62u,3578m,Rome,1528152463
62u,3578m,Russell Crowe,1528152465
62u,4223m,Ed Harris,1528024869
62u,4223m,Jude Law,1528024854
62u,4223m,Rachel Weisz,1528024873
62u,4223m,sniper,1528024852
62u,4223m,World War II,1528024877
62u,5388m,Al Pacino,1530310809
62u,5388m,atmospheric,1530310959
62u,5388m,Hilary Swank,1530310952
62u,5388m,Robin Williams,1530310811
62u,6058m,sequel,1525555053
62u,6058m,violent,1525555051
62u,6534m,dogs,1525554096
62u,6534m,Eric Bana,1525554086
62u,6534m,mad scientist,1525554098
62u,6534m,marvel,1525554100
62u,6541m,captain nemo,1525554054
62u,6541m,comic book,1525554028
62u,6541m,gothic,1525554056
62u,6541m,Peta Wilson,1525554040
62u,6541m,Sean Connery,1525554026
62u,6541m,superhero,1525554051
62u,6564m,adventure,1525554439
62u,6564m,Angelina Jolie,1525554432
62u,6564m,heroine in tight suit,1525554441
62u,7153m,Adventure,1528152558
62u,7153m,ensemble cast,1528152578
62u,7153m,fantasy,1528152556
62u,7153m,fantasy world,1528152571
62u,7153m,great soundtrack,1528152575
62u,7153m,lord of the rings,1528152581
62u,7153m,scenic,1528152580
62u,7153m,stylized,1528152577
62u,7153m,Tolkien,1528152561
62u,8641m,hilarious,1526249138
62u,8641m,Steve Carell,1526249156
62u,8641m,Will Ferrell,1526249135
62u,27660m,animation,1525554490
62u,27660m,anime,1525554488
62u,27660m,cyberpunk,1525554486
62u,27660m,dark,1525554500
62u,27660m,Matrix,1525554493
62u,27660m,sci-fi,1525554491
62u,27706m,dark comedy,1526248598
62u,27706m,Jim Carrey,1526248575
62u,27706m,meryl streep,1526248580
62u,27706m,quirky,1526248553
62u,27706m,stylized,1526248601
62u,27808m,Adam Sandler,1525554900
62u,27808m,family,1525554919
62u,27808m,sweet,1525554922
62u,27831m,British gangster,1532723304
62u,27831m,confusing,1532723364
62u,27831m,daniel craig,1532723305
62u,27831m,Exquisite plotting.,1532723355
62u,27831m,organized crime,1532723369
62u,27831m,stylish,1532723356
62u,27831m,Tom Hardy,1532723359
62u,31658m,anime,1525869041
62u,31658m,fantasy world,1525869051
62u,31658m,Hayao Miyazaki,1525869046
62u,31658m,Studio Ghibli,1525869044
62u,33162m,David Thewlis,1525554605
62u,33162m,Eva Green,1525554550
62u,33162m,Liam Neeson,1525554577
62u,33162m,Orlando Bloom,1525554511
62u,34150m,Chris Evans,1525554141
62u,34150m,comic book,1525554003
62u,34150m,heroine in tight suit,1525554138
62u,34150m,Jessica Alba,1525554127
62u,34150m,sexy female scientist,1525554144
62u,34150m,superhero,1525553977
62u,37729m,gothic,1530310527
62u,37729m,helena bonham carter,1530310534
62u,37729m,Johnny Depp,1530310529
62u,37729m,Tim Burton,1530310526
62u,37729m,visually appealing,1530310541
62u,38061m,black comedy,1532723380
62u,38061m,clever,1532723403
62u,38061m,fast-paced dialogue,1532723406
62u,38061m,good dialogue,1532723428
62u,38061m,Robert Downey Jr.,1532723408
62u,38061m,witty,1532723402
62u,45447m,adventure,1525637064
62u,45447m,Audrey Tautou,1525637075
62u,45447m,conspiracy theory,1525637062
62u,45447m,Mystery,1525637081
62u,45447m,Paris,1525637079
62u,45447m,Tom Hanks,1525637067
62u,45447m,treasure hunt,1525637084
62u,46723m,Brad Pitt,1525554217
62u,46723m,cate blanchett,1525554227
62u,46723m,multiple storylines,1525554215
62u,46723m,social commentary,1525554246
62u,46972m,Ben Stiller,1525554254
62u,46972m,Robin Williams,1525554255
62u,46976m,emma thompson,1536874692
62u,46976m,Maggie Gyllenhaal,1536874655
62u,46976m,modern fantasy,1536874658
62u,46976m,romance,1536874651
62u,46976m,surreal,1536874662
62u,46976m,Will Ferrell,1536874653
62u,49130m,Marion Cotillard,1526582371
62u,49530m,Africa,1536874706
62u,49530m,corruption,1536874704
62u,49530m,Jennifer Connelly,1536874701
62u,49530m,justice,1536874709
62u,49530m,Leonardo DiCaprio,1536874698
62u,53464m,bad acting,1525554797
62u,53464m,bad jokes,1525554811
62u,53464m,bad plot,1525554822
62u,53464m,Chris Evans,1525554807
62u,53464m,Jessica Alba,1525554794
62u,53464m,Marvel,1525554792
62u,53464m,sexy female scientist,1525554813
62u,58047m,Rachel Weisz,1528909364
62u,58047m,Ryan Reynolds,1528909347
62u,59501m,fantasy,1525637507
62u,59501m,lion,1525637517
62u,59501m,narnia,1525637508
62u,59501m,Tilda Swinton,1525637603
62u,60074m,bad script,1525554116
62u,60074m,Charlize Theron,1525554121
62u,60074m,Will Smith,1525554107
62u,60126m,Anne Hathaway,1527004240
62u,60126m,Steve Carell,1527004238
62u,60756m,comedy,1528934384
62u,60756m,funny,1528934381
62u,60756m,will ferrell,1528934379
62u,61024m,comedy,1528934218
62u,61024m,James Franco,1528934214
62u,61024m,Seth Rogen,1528934216
62u,61024m,Stoner Movie,1528934219
62u,63992m,audience intelligence underestimated,1528934237
62u,63992m,boring,1528934241
62u,63992m,chick flick,1528934247
62u,63992m,overrated,1528934240
62u,63992m,Teen movie,1528934233
62u,68848m,Adrien Brody,1527274305
62u,68848m,con artists,1527274320
62u,68848m,funny,1527274322
62u,68848m,interesting characters,1527274324
62u,68848m,Mark Ruffalo,1527274316
62u,68848m,Rachel Weisz,1527274311
62u,71535m,Bill Murray,1529777198
62u,71535m,dark comedy,1529777189
62u,71535m,Emma Stone,1529777192
62u,71535m,funny,1529777194
62u,71535m,Jesse Eisenberg,1529777186
62u,71535m,Woody Harrelson,1529777129
62u,87430m,audience intelligence underestimated,1525555172
62u,87430m,CGI,1525555168
62u,87430m,cheesy,1525555170
62u,87430m,comic book,1525555164
62u,87430m,DC,1525555176
62u,87430m,DC Comics,1525555184
62u,87430m,Ryan Reynolds,1525555162
62u,87430m,space,1525555182
62u,87430m,superhero,1525555181
62u,88405m,comedy,1525554879
62u,88405m,funny,1525554868
62u,88405m,happy ending,1525554872
62u,88405m,HOT actress,1525554880
62u,88405m,Justin Timberlake,1525554873
62u,88405m,Mila Kunis,1525554861
62u,88405m,New York City,1525554866
62u,88405m,romance,1525554883
62u,88405m,sex,1525554864
62u,96861m,Istanbul,1529611262
62u,96861m,Liam Neeson,1529611250
62u,96861m,predictable,1529611266
62u,96861m,Turkey,1529611256
62u,96861m,unnecessary sequel,1529611269
62u,99114m,action,1526078792
62u,99114m,Christoph Waltz,1526078766
62u,99114m,funny,1526078778
62u,99114m,good soundtrack,1526078785
62u,99114m,Great performances,1526078768
62u,99114m,Humour,1526078787
62u,99114m,Leonardo DiCaprio,1526078762
62u,99114m,Quentin Tarantino,1526078760
62u,99114m,Samuel L. Jackson,1526078763
62u,99114m,Soundtrack,1526078781
62u,99114m,western,1526078773
62u,103042m,Amy Adams,1525555328
62u,103042m,superhero,1525555319
62u,104863m,daniel radcliffe,1528843968
62u,104863m,zoe kazan,1528843965
62u,107348m,comedy,1528935011
62u,107348m,Steve Carell,1528935000
62u,107348m,stupid but funny,1528935013
62u,107348m,will ferrell,1528935002
62u,108190m,anti-intellectual,1525554841
62u,108190m,bad writing,1525554835
62u,108190m,dystopia,1525554830
62u,108190m,new society,1525554832
62u,108190m,plot holes,1525554845
62u,108190m,predictable,1525554847
62u,108190m,scifi,1525554839
62u,108190m,unintelligent,1525554843
62u,111743m,Charlize Theron,1530471420
62u,111743m,Liam Neeson,1530471434
62u,111743m,Seth MacFarlane,1530471419
62u,111743m,witty,1530471417
62u,114180m,action,1525554460
62u,114180m,dystopia,1525554450
62u,114180m,plot holes,1525554454
62u,114180m,post-apocalyptic,1525554458
62u,114180m,survival,1525554456
62u,114180m,thriller,1525554471
62u,114180m,unexplained,1525554473
62u,114180m,weak plot,1525554463
62u,115149m,dark hero,1528152251
62u,115149m,gun-fu,1528152257
62u,115149m,Keanu Reeves,1528152244
62u,115149m,Revenge,1528152241
62u,115149m,secret society,1528152258
62u,115149m,stylish,1528152247
62u,116897m,black comedy,1528152849
62u,116897m,dark comedy,1528152859
62u,116897m,dark humor,1528152847
62u,116897m,ironic,1528152854
62u,116897m,multiple short stories,1528152862
62u,116897m,short stories,1528152852
62u,119141m,bromance,1525555146
62u,119141m,comedy,1525555138
62u,119141m,funny,1525555129
62u,119141m,James Franco,1525555132
62u,119141m,Seth Rogen,1525555127
62u,122912m,comic book,1526029023
62u,122912m,Dr. Strange,1526029001
62u,122912m,Great villain,1526029025
62u,122912m,Guardians of the Galaxy,1526029015
62u,122912m,Marvel,1526028997
62u,122912m,MCU,1526028983
62u,122912m,Robert Downey Jr.,1526028991
62u,122912m,Thanos,1526028985
62u,122912m,Thor,1526029010
62u,122912m,Visually stunning,1526028994
62u,128360m,characters,1526078910
62u,128360m,Dialogue,1526078902
62u,128360m,humor,1526078901
62u,128360m,Kurt Russell,1526078886
62u,128360m,Quentin Tarantino,1526078877
62u,128360m,Samuel L. Jackson,1526078883
62u,128360m,tension building,1526078880
62u,128360m,violent,1526078912
62u,128360m,Western,1526078899
62u,135133m,dystopia,1525637480
62u,135133m,Jennifer Lawrence,1525637484
62u,135133m,love story,1525637487
62u,135133m,nonsense,1525637488
62u,135133m,politics,1525637499
62u,135133m,rebellion,1525637483
62u,135133m,revolution,1525637481
62u,135518m,Ben Kingsley,1530471365
62u,135518m,ethics,1530471346
62u,135518m,immortality,1530471343
62u,135518m,ryan reynolds,1530471352
62u,135536m,Bad story,1525555090
62u,135536m,Bad writing,1525555084
62u,135536m,Batman,1525555077
62u,135536m,Ben Affleck,1525555106
62u,135536m,comic book,1525555092
62u,135536m,dc comics,1525555080
62u,135536m,good soundtrack,1525555089
62u,135536m,Harley Quinn,1525555079
62u,135536m,Harley Quinn's ass,1525555094
62u,135536m,Horrible directing,1525555099
62u,135536m,Jared Leto,1525555072
62u,135536m,Joker,1525555074
62u,135536m,lack of plot,1525555069
62u,135536m,Margot Robbie,1525555073
62u,135536m,Poor story,1525555087
62u,135536m,poorly paced,1525555083
62u,135536m,superhero,1525555103
62u,135536m,visually appealing,1525555109
62u,135536m,Will Smith,1525555076
62u,136864m,action,1525555242
62u,136864m,batman,1525555211
62u,136864m,ben affleck,1525555223
62u,136864m,dark,1525555227
62u,136864m,dc comics,1525555225
62u,136864m,Gal Gadot,1525555240
62u,136864m,superhero,1525555243
62u,136864m,superman,1525555213
62u,136864m,wonderwoman,1525555233
62u,139385m,leonardo DiCarpio,1526079025
62u,139385m,survival,1526079019
62u,139385m,tom hardy,1526079029
62u,139385m,visually appealing,1526079038
62u,158966m,building a family,1526076353
62u,158966m,creative,1526076341
62u,158966m,freedom,1526076339
62u,158966m,good writing,1526076350
62u,158966m,individualism,1526076344
62u,158966m,Viggo Mortensen,1526076342
62u,168248m,action,1528152295
62u,168248m,dark hero,1528152291
62u,168248m,gun tactics,1528152287
62u,168248m,hitman,1528152293
62u,168248m,Keanu Reeves,1528152284
62u,168248m,organized crime,1528152289
62u,168248m,secret society,1528152282
62u,174053m,Dystopia,1525637341
62u,174053m,future,1525637343
62u,174053m,interesting,1525637346
62u,174053m,jon hamm,1525637384
62u,174053m,thought provoking,1525637344
62u,179401m,Action,1528934538
62u,179401m,Comedy,1528934534
62u,179401m,Dwayne Johnson,1528934540
62u,179401m,funny,1528934536
62u,183611m,Comedy,1526244689
62u,183611m,funny,1526244688
62u,183611m,Rachel McAdams,1526244709
62u,184471m,adventure,1528024900
62u,184471m,Alicia Vikander,1528024914
62u,184471m,video game adaptation,1528024898
62u,187593m,Josh Brolin,1527274096
62u,187593m,Ryan Reynolds,1527274092
62u,187593m,sarcasm,1527274090
62u,187595m,Emilia Clarke,1528934560
62u,187595m,star wars,1528934552
63u,260m,classic,1443199698
63u,260m,space action,1443199710
76u,260m,action,1439165594
76u,260m,sci-fi,1439165588
103u,260m,EPIC,1431954312
103u,260m,great soundtrack,1431954337
103u,296m,good dialogue,1431954555
103u,296m,great soundtrack,1431954555
103u,296m,non-linear,1431954555
106u,4896m,Everything you want is here,1467566944
106u,106489m,adventure,1467566979
112u,260m,classic sci-fi,1442535682
112u,260m,engrossing adventure,1442535673
112u,260m,EPIC,1442535666
119u,260m,classic,1435942530
119u,260m,Nerd,1435942520
119u,101142m,animation,1436563067
119u,101142m,funny,1436563067
119u,101142m,stone age,1436563067
119u,115149m,action,1437763143
119u,115149m,killer,1437763143
119u,115149m,widows/widowers,1437763143
119u,115617m,animation,1435944890
119u,115617m,kids,1435944890
119u,115617m,robots,1435944890
119u,120635m,action,1438439306
119u,120635m,murder,1438439306
119u,120635m,police,1438439306
125u,1726m,Kevin Costner,1474483317
125u,1726m,Post apocalyptic,1474483320
125u,2387m,dark comedy,1474382225
125u,2387m,dark humor,1474382223
125u,3052m,irreverent,1474592072
125u,3052m,jay and silent bob,1474592004
125u,3052m,Kevin Smith,1474592000
125u,3052m,satire,1474591997
125u,5088m,irreverent,1474592207
125u,7022m,based on a book,1474381749
125u,7022m,bloody,1474381755
125u,7022m,brutal,1474381612
125u,7022m,controversial,1474381812
125u,7022m,dystopia,1474381779
125u,7022m,goretastic,1474381786
125u,7022m,satire,1474381739
125u,7022m,social commentary,1474381788
125u,7022m,survival,1474381609
125u,7022m,violence,1474381745
125u,7254m,alternate reality,1474381441
125u,7254m,sci-fi,1474381448
125u,7254m,science fiction,1474381455
125u,7254m,time travel,1474381439
125u,8957m,brutal,1474382001
125u,8957m,clever,1474382019
125u,8957m,Disturbing,1474382015
125u,8957m,great ending,1474381987
125u,8957m,mindfuck,1474381982
125u,8957m,surprise ending,1474381973
125u,8957m,suspense,1474381994
125u,9010m,cruel characters,1474381529
125u,42632m,brutality,1474381492
125u,58301m,dark humor,1474381561
125u,60950m,threesome,1474591817
125u,62434m,Seth Rogen,1474592476
125u,62434m,Sexual Humor,1474592473
125u,67695m,Seth Rogen,1474382123
125u,100083m,embarassing scenes,1474377075
125u,100083m,offensive,1474377060
125u,100083m,R language,1474377035
125u,100083m,sarcasm,1474377015
125u,100083m,satire,1474381901
125u,156371m,80's,1474469700
125u,158872m,Crude humor,1474382035
125u,158872m,mindfuck,1474382087
125u,158872m,sarcasm,1474382053
125u,158872m,satire,1474382047
125u,158872m,Vulgar,1474382100
132u,3556m,sofia coppola,1163148016
132u,6323m,John Cusack,1161800041
132u,6367m,Ewan McGregor,1161799885
132u,6367m,Renee Zellweger,1161799951
138u,59103m,jackie chan,1222676394
138u,59103m,kung fu,1222676405
161u,52287m,Something for everyone in this one... saw it without and plan on seeing it with kids!,1176498861
166u,293m,assassin,1188774484
166u,293m,Jean Reno,1188774487
166u,54286m,assassin,1188774519
166u,54286m,assassin-in-training (scene),1188774517
166u,54286m,espionage,1188774515
166u,54286m,Robert Ludlum,1188774524
167u,104m,test tag,1154718872
177u,115617m,feel-good,1435523876
177u,115617m,fun family movie,1435523876
177u,115617m,very funny,1435523876
184u,2579m,black and white,1537094307
184u,2579m,Christopher Nolan,1537094326
184u,2579m,directorial debut,1537094323
184u,2579m,mindfuck,1537094375
184u,2579m,not linear,1537094318
184u,2579m,Twist Ending,1537094309
184u,3793m,action,1537094381
184u,3793m,comic book,1537094359
184u,3793m,hugh jackman,1537094370
184u,3793m,marvel,1537094366
184u,3793m,superhero,1537094354
184u,4226m,dark,1537094453
184u,4226m,Mindfuck,1537094464
184u,4226m,nonlinear,1537094445
184u,4226m,psychology,1537094448
184u,4226m,twist ending,1537094447
184u,4896m,alan rickman,1537094576
184u,4896m,harry potter,1537094544
184u,4896m,humorous,1537094550
184u,4896m,Magic,1537094530
184u,5388m,atmospheric,1537094680
184u,5388m,insomnia,1537094688
184u,5388m,thought-provoking,1537094685
184u,6283m,amazing artwork,1537094506
184u,6283m,anime,1537094487
184u,6283m,sci-fi,1537094503
184u,27156m,anime,1537094261
184u,27156m,end of the world,1537094269
184u,27156m,epic,1537094270
184u,27156m,mecha,1537094278
184u,27156m,psychology,1537094263
184u,193565m,anime,1537098582
184u,193565m,comedy,1537098587
184u,193565m,gintama,1537098603
184u,193565m,remaster,1537098592
193u,260m,classic sci-fi,1435856940
193u,260m,space action,1435856955
193u,260m,space epic,1435856950
193u,4878m,atmospheric,1435857150
193u,4878m,cult film,1435857131
193u,4878m,dreamlike,1435857139
193u,4878m,hallucinatory,1435857144
193u,4878m,psychological,1435857147
193u,4878m,surreal,1435857128
193u,4878m,time travel,1435857135
193u,7147m,dreamlike,1435857017
193u,7147m,sentimental,1435857038
193u,7147m,surreal,1435857020
193u,7147m,Tim Burton,1435857024
193u,7361m,alternate reality,1435857168
193u,7361m,memory,1435857171
193u,7361m,thought-provoking,1435857163
193u,97938m,cinematography,1435857101
193u,97938m,India,1435857092
193u,97938m,surreal,1435857076
205u,260m,oldie but goodie,1519899101
205u,260m,sci-fi,1519899078
205u,260m,Star Wars,1519899108
226u,6938m,big wave,1160681362
226u,6938m,surfing,1160681362
226u,48780m,ummarti2006,1161615435
256u,126548m,funny,1447532592
256u,126548m,high school,1447532575
